,index,X,Y,FFMC,DMC,DC,ISI,temp,RH,wind,rain,area,Z
0,0,7,5,86.2,26.2,94.3,5.1,8.2,51,6.7,0.0,0.0,0.03548148468208953
1,1,7,4,90.6,35.4,669.1,6.7,18.0,33,0.9,0.0,0.0,-0.24776053423445793
2,2,7,4,90.6,43.7,686.9,6.7,14.6,33,1.3,0.0,0.0,-1.3686152164416687
3,3,8,6,91.7,33.3,77.5,9.0,8.3,97,4.0,0.2,0.0,1.325502855998799
4,4,8,6,89.3,51.3,102.2,9.6,11.4,99,1.8,0.0,0.0,1.4964200576955917
5,5,8,6,92.3,85.3,488.0,14.7,22.2,29,5.4,0.0,0.0,-0.8505394550804963
6,6,8,6,92.3,88.9,495.6,8.5,24.1,27,3.1,0.0,0.0,0.5826237122582236
7,7,8,6,91.5,145.4,608.2,10.7,8.0,86,2.2,0.0,0.0,-0.038756791190536356
8,8,8,6,91.0,129.5,692.6,7.0,13.1,63,5.4,0.0,0.0,-0.10311374907531144
9,9,7,5,92.5,88.0,698.6,7.1,22.8,40,4.0,0.0,0.0,-0.11786980538362932
10,10,7,5,92.5,88.0,698.6,7.1,17.8,51,7.2,0.0,0.0,0.9191121675895583
11,11,7,5,92.8,73.2,713.0,22.6,19.3,38,4.0,0.0,0.0,-0.09657652680539972
12,12,6,5,63.5,70.8,665.3,0.8,17.0,72,6.7,0.0,0.0,0.9029414295673176
13,13,6,5,90.9,126.5,686.5,7.0,21.3,42,2.2,0.0,0.0,-0.037636588373527985
14,14,6,5,92.9,133.3,699.6,9.2,26.4,21,4.5,0.0,0.0,-1.009926004532858
15,15,6,5,93.3,141.2,713.9,13.9,22.9,44,5.4,0.0,0.0,1.4751594494972928
16,16,5,5,91.7,35.8,80.8,7.8,15.1,27,5.4,0.0,0.0,-0.14055286689475732
17,17,8,5,84.9,32.8,664.2,3.0,16.7,47,4.9,0.0,0.0,0.11013066252968062
18,18,6,4,89.2,27.9,70.8,6.3,15.9,35,4.0,0.0,0.0,1.1957136230774563
19,19,6,4,86.3,27.4,97.1,5.1,9.3,44,4.5,0.0,0.0,-0.8521607087848233
20,20,6,4,91.0,129.5,692.6,7.0,18.3,40,2.7,0.0,0.0,-0.43424042595812345
21,21,5,4,91.8,78.5,724.3,9.2,19.1,38,2.7,0.0,0.0,0.8144329471089325
22,22,7,4,94.3,96.3,200.0,56.1,21.0,44,4.5,0.0,0.0,3.732293720768246
23,23,7,4,90.2,110.9,537.4,6.2,19.5,43,5.8,0.0,0.0,-0.5446304947933683
24,24,7,4,93.5,139.4,594.2,20.3,23.7,32,5.8,0.0,0.0,-0.5641851682441208
25,25,7,4,91.4,142.4,601.4,10.6,16.3,60,5.4,0.0,0.0,0.3459885761600871
26,26,7,4,92.4,117.9,668.0,12.2,19.0,34,5.8,0.0,0.0,0.01096400817345183
27,27,7,4,90.9,126.5,686.5,7.0,19.4,48,1.3,0.0,0.0,0.854487305183183
28,28,6,3,93.4,145.4,721.4,8.1,30.2,24,2.7,0.0,0.0,1.0869072389274084
29,29,6,3,93.5,149.3,728.6,8.1,22.8,39,3.6,0.0,0.0,-0.5731172006952803
30,30,6,3,94.3,85.1,692.3,15.9,25.4,24,3.6,0.0,0.0,-0.5178808956756863
31,31,6,3,88.6,91.8,709.9,7.1,11.2,78,7.6,0.0,0.0,-0.8020664996878776
32,32,6,3,88.6,69.7,706.8,5.8,20.6,37,1.8,0.0,0.0,-1.917879603464849
33,33,6,3,91.7,75.6,718.3,7.8,17.7,39,3.6,0.0,0.0,0.9946439152408005
34,34,6,3,91.8,78.5,724.3,9.2,21.2,32,2.7,0.0,0.0,0.5980885119844883
35,35,6,3,90.3,80.7,730.2,6.3,18.2,62,4.5,0.0,0.0,-0.49797600623604815
36,36,6,3,90.6,35.4,669.1,6.7,21.7,24,4.5,0.0,0.0,0.6516888700733331
37,37,7,4,90.0,41.5,682.6,8.7,11.3,60,5.4,0.0,0.0,-0.021990169836795883
38,38,7,3,90.6,43.7,686.9,6.7,17.8,27,4.0,0.0,0.0,0.7575966308602992
39,39,4,4,88.1,25.7,67.6,3.8,14.1,43,2.7,0.0,0.0,0.8554256874205632
40,40,4,4,79.5,60.6,366.7,1.5,23.3,37,3.1,0.0,0.0,1.5177859885909966
41,41,4,4,90.2,96.9,624.2,8.9,18.4,42,6.7,0.0,0.0,0.26261797236862944
42,42,4,4,94.8,108.3,647.1,17.0,16.6,54,5.4,0.0,0.0,-1.661071281695342
43,43,4,4,92.5,88.0,698.6,7.1,19.6,48,2.7,0.0,0.0,0.4782330152757234
44,44,4,4,90.1,82.9,735.7,6.2,12.9,74,4.9,0.0,0.0,-0.4515624328033707
45,45,5,6,94.3,85.1,692.3,15.9,25.9,24,4.0,0.0,0.0,0.3072066632525293
46,46,5,6,90.9,126.5,686.5,7.0,14.7,70,3.6,0.0,0.0,0.38758304483981393
47,47,6,6,94.2,62.3,442.9,11.0,23.0,36,3.1,0.0,0.0,-0.020735191697656894
48,48,4,4,87.2,23.9,64.7,4.1,11.8,35,1.8,0.0,0.0,0.5107350924859372
49,49,4,4,87.6,52.2,103.8,5.0,11.0,46,5.8,0.0,0.0,0.8396418479623218
50,50,4,4,92.9,137.0,706.4,9.2,20.8,17,1.3,0.0,0.0,1.2503041546295062
51,51,4,3,90.2,99.6,631.2,6.3,21.5,34,2.2,0.0,0.0,-0.670708678120688
52,52,4,3,92.1,111.2,654.1,9.6,20.4,42,4.9,0.0,0.0,-1.257778337050352
53,53,4,3,92.1,111.2,654.1,9.6,20.4,42,4.9,0.0,0.0,-2.080337912715869
54,54,4,3,91.7,114.3,661.3,6.3,17.6,45,3.6,0.0,0.0,0.05576447119759846
55,55,4,3,92.9,137.0,706.4,9.2,27.7,24,2.2,0.0,0.0,0.6018373343973299
56,56,4,3,90.3,80.7,730.2,6.3,17.8,63,4.9,0.0,0.0,-1.1256159849675957
57,57,4,3,92.6,46.5,691.8,8.8,13.8,50,2.7,0.0,0.0,0.04077482342756312
58,58,2,2,84.0,9.3,34.0,2.1,13.9,40,5.4,0.0,0.0,0.6249437979405277
59,59,2,2,86.6,13.2,43.0,5.3,12.3,51,0.9,0.0,0.0,-1.0267968963839607
60,60,2,2,89.3,51.3,102.2,9.6,11.5,39,5.8,0.0,0.0,-0.9603107396689363
61,61,2,2,89.3,51.3,102.2,9.6,5.5,59,6.3,0.0,0.0,0.8243596716200097
62,62,2,2,93.0,75.3,466.6,7.7,18.8,35,4.9,0.0,0.0,0.11792617904215281
63,63,2,2,90.2,99.6,631.2,6.3,20.8,33,2.7,0.0,0.0,0.8989337572180955
64,64,2,2,91.1,103.2,638.8,5.8,23.1,31,3.1,0.0,0.0,0.49979376989110336
65,65,2,2,91.7,114.3,661.3,6.3,18.6,44,4.5,0.0,0.0,0.484592787934136
66,66,2,2,92.4,117.9,668.0,12.2,23.0,37,4.5,0.0,0.0,-1.3680977890678907
67,67,2,2,92.4,117.9,668.0,12.2,19.6,33,5.4,0.0,0.0,-0.1896829799492564
68,68,2,2,92.4,117.9,668.0,12.2,19.6,33,6.3,0.0,0.0,-0.2472431199004054
69,69,4,5,91.7,33.3,77.5,9.0,17.2,26,4.5,0.0,0.0,0.5210341828586086
70,70,4,5,91.2,48.3,97.8,12.5,15.8,27,7.6,0.0,0.0,0.5731015658895061
71,71,4,5,94.3,85.1,692.3,15.9,17.7,37,3.6,0.0,0.0,-1.0742439019080328
72,72,5,4,91.7,33.3,77.5,9.0,15.6,25,6.3,0.0,0.0,0.4038291229776448
73,73,5,4,88.8,147.3,614.5,9.0,17.3,43,4.5,0.0,0.0,0.4604761040049384
74,74,5,4,93.3,141.2,713.9,13.9,27.6,30,1.3,0.0,0.0,0.677678100814953
75,75,9,9,84.2,6.8,26.6,7.7,6.7,79,3.1,0.0,0.0,0.3980371289731161
76,76,9,9,86.6,13.2,43.0,5.3,15.7,43,3.1,0.0,0.0,-0.2364864160966496
77,77,1,3,87.6,52.2,103.8,5.0,8.3,72,3.1,0.0,0.0,0.19143424395906436
78,78,1,2,90.1,108.0,529.8,12.5,14.7,66,2.7,0.0,0.0,-1.809761890932072
79,79,1,2,91.0,121.2,561.6,7.0,21.6,19,6.7,0.0,0.0,-1.5758931228469202
80,80,1,2,91.4,142.4,601.4,10.6,19.5,39,6.3,0.0,0.0,-1.102070015713817
81,81,1,2,90.2,99.6,631.2,6.3,17.9,44,2.2,0.0,0.0,-0.6664504720593856
82,82,1,2,94.8,108.3,647.1,17.0,18.6,51,4.5,0.0,0.0,0.7511742445282658
83,83,1,2,92.1,111.2,654.1,9.6,16.6,47,0.9,0.0,0.0,-1.7002376128712104
84,84,1,2,91.7,114.3,661.3,6.3,20.2,45,3.6,0.0,0.0,-0.0657066109145725
85,85,1,2,92.9,137.0,706.4,9.2,21.5,15,0.9,0.0,0.0,-0.22141936417151092
86,86,1,2,92.9,137.0,706.4,9.2,25.4,27,2.2,0.0,0.0,-1.6027180628271613
87,87,1,2,92.9,137.0,706.4,9.2,22.4,34,2.2,0.0,0.0,-0.211231838009065
88,88,1,2,93.5,149.3,728.6,8.1,25.3,36,3.6,0.0,0.0,-2.4060513775849355
89,89,6,5,91.7,35.8,80.8,7.8,17.4,25,4.9,0.0,0.0,1.0741850343296588
90,90,6,5,90.2,96.9,624.2,8.9,14.7,59,5.8,0.0,0.0,-0.03739863310295612
91,91,8,6,91.7,35.8,80.8,7.8,17.4,24,5.4,0.0,0.0,-0.3310151671018721
92,92,8,6,92.3,85.3,488.0,14.7,20.8,32,6.3,0.0,0.0,-0.14168491435614955
93,93,8,6,91.4,142.4,601.4,10.6,18.2,43,4.9,0.0,0.0,0.03183291607802775
94,94,8,6,91.1,103.2,638.8,5.8,23.4,22,2.7,0.0,0.0,-1.4171408369287746
95,95,4,4,89.7,90.0,704.4,4.8,17.8,64,1.3,0.0,0.0,-0.14328587300790044
96,96,3,4,83.9,8.0,30.2,2.6,12.7,48,1.8,0.0,0.0,0.6982627416092332
97,97,3,4,69.0,2.4,15.5,0.7,17.4,24,5.4,0.0,0.0,-2.4055760567551996
98,98,3,4,91.4,142.4,601.4,10.6,11.6,87,4.5,0.0,0.0,-1.0345998445198439
99,99,3,4,91.4,142.4,601.4,10.6,19.8,39,5.4,0.0,0.0,-0.17660184667521442
100,100,3,4,91.4,142.4,601.4,10.6,19.8,39,5.4,0.0,0.0,-1.3076740770958655
101,101,3,4,88.8,147.3,614.5,9.0,14.4,66,5.4,0.0,0.0,-0.23903774083702833
102,102,2,4,94.8,108.3,647.1,17.0,20.1,40,4.0,0.0,0.0,0.5013832393574666
103,103,2,4,92.5,121.1,674.4,8.6,24.1,29,4.5,0.0,0.0,-1.571566936343627
104,104,2,4,82.1,3.7,9.3,2.9,5.3,78,3.1,0.0,0.0,0.36302147620086184
105,105,4,5,85.9,19.5,57.3,2.8,12.7,52,6.3,0.0,0.0,-1.2923033572238634
106,106,4,5,91.4,30.7,74.3,7.5,18.2,29,3.1,0.0,0.0,-0.27510720695442137
107,107,4,5,90.2,99.6,631.2,6.3,21.4,33,3.1,0.0,0.0,0.36352327142660756
108,108,4,5,92.5,88.0,698.6,7.1,20.3,45,3.1,0.0,0.0,-0.058988802413943595
109,109,4,5,88.6,91.8,709.9,7.1,17.4,56,5.4,0.0,0.0,0.16683272681735312
110,110,4,4,85.9,19.5,57.3,2.8,13.7,43,5.8,0.0,0.0,-0.4214846710400709
111,111,3,4,91.7,33.3,77.5,9.0,18.8,18,4.5,0.0,0.0,-1.6251178352543545
112,112,3,4,89.7,90.0,704.4,4.8,22.8,39,3.6,0.0,0.0,-0.08196215868381271
113,113,3,4,91.8,78.5,724.3,9.2,18.9,35,2.7,0.0,0.0,1.0264404038384127
114,114,3,4,88.1,25.7,67.6,3.8,15.8,27,7.6,0.0,0.0,1.0128045159086791
115,115,3,5,88.1,25.7,67.6,3.8,15.5,27,6.3,0.0,0.0,-1.252269408049199
116,116,3,4,91.7,35.8,80.8,7.8,11.6,30,6.3,0.0,0.0,-0.733394836705009
117,117,3,4,91.7,35.8,80.8,7.8,15.2,27,4.9,0.0,0.0,1.7530304593439343
118,118,3,4,90.1,39.7,86.6,6.2,10.6,30,4.0,0.0,0.0,-1.251648767960831
119,119,3,4,93.0,75.3,466.6,7.7,19.6,36,3.1,0.0,0.0,-2.049625004242111
120,120,3,4,91.5,145.4,608.2,10.7,10.3,74,2.2,0.0,0.0,0.18731198124870496
121,121,3,4,91.5,145.4,608.2,10.7,17.1,43,5.4,0.0,0.0,-0.06249644073388219
122,122,3,4,92.4,124.1,680.7,8.5,22.5,42,5.4,0.0,0.0,-0.5246085141023239
123,123,3,4,84.4,73.4,671.9,3.2,17.9,45,3.1,0.0,0.0,-0.36835886938249834
124,124,3,4,94.3,85.1,692.3,15.9,19.8,50,5.4,0.0,0.0,-0.6821972105095095
125,125,3,4,92.6,46.5,691.8,8.8,20.6,24,5.4,0.0,0.0,-0.17683681041173038
126,126,3,5,87.6,52.2,103.8,5.0,9.0,49,2.2,0.0,0.0,0.551959908999864
127,127,3,5,93.5,149.3,728.6,8.1,17.2,43,3.1,0.0,0.0,-0.3721190459015026
128,128,3,5,91.4,37.9,673.8,5.2,15.9,46,3.6,0.0,0.0,2.029753686030612
129,129,2,5,92.6,46.5,691.8,8.8,15.4,35,0.9,0.0,0.0,0.2754025411079083
130,130,4,6,68.2,21.5,87.2,0.8,15.4,40,2.7,0.0,0.0,1.140965714792418
131,131,4,6,87.2,23.9,64.7,4.1,14.0,39,3.1,0.0,0.0,0.33213812921453684
132,132,4,6,89.3,51.3,102.2,9.6,10.6,46,4.9,0.0,0.0,0.6418691727663188
133,133,4,6,93.7,80.9,685.2,17.9,17.6,42,3.1,0.0,0.0,2.275565142402392
134,134,3,5,88.1,25.7,67.6,3.8,14.9,38,2.7,0.0,0.0,0.9208080147530228
135,135,3,5,93.5,139.4,594.2,20.3,17.6,52,5.8,0.0,0.0,-0.02454742072282634
136,136,3,6,92.4,124.1,680.7,8.5,17.2,58,1.3,0.0,0.0,2.202208052876856
137,137,3,6,90.9,126.5,686.5,7.0,15.6,66,3.1,0.0,0.0,0.07905545373502944
138,138,9,9,85.8,48.3,313.4,3.9,18.0,42,2.7,0.0,0.36,-1.2765171975539225
139,139,1,4,91.0,129.5,692.6,7.0,21.7,38,2.2,0.0,0.43,0.3322681967443368
140,140,2,5,90.9,126.5,686.5,7.0,21.9,39,1.8,0.0,0.47,0.9791707520370295
141,141,1,2,95.5,99.9,513.3,13.2,23.3,31,4.5,0.0,0.55,-0.1449731302318844
142,142,8,6,90.1,108.0,529.8,12.5,21.2,51,8.9,0.0,0.61,-0.4787082505486609
143,143,1,2,90.0,51.3,296.3,8.7,16.6,53,5.4,0.0,0.71,1.2927742204257773
144,144,2,5,95.5,99.9,513.3,13.2,23.8,32,5.4,0.0,0.77,-0.11117505595384468
145,145,6,5,95.2,131.7,578.8,10.4,27.4,22,4.0,0.0,0.9,0.8911110129431907
146,146,5,4,90.1,39.7,86.6,6.2,13.2,40,5.4,0.0,0.95,-0.18551277311827535
147,147,8,3,84.4,73.4,671.9,3.2,24.2,28,3.6,0.0,0.96,-2.3768085668429246
148,148,2,2,94.8,108.3,647.1,17.0,17.4,43,6.7,0.0,1.07,-1.03278546735151
149,149,8,6,93.7,80.9,685.2,17.9,23.7,25,4.5,0.0,1.12,-0.5573448483953612
150,150,6,5,92.5,56.4,433.3,7.1,23.2,39,5.4,0.0,1.19,1.7148671725601552
151,151,9,9,90.1,68.6,355.2,7.2,24.8,29,2.2,0.0,1.36,-0.4728557586473366
152,152,3,4,90.1,51.2,424.1,6.2,24.6,43,1.8,0.0,1.43,-0.26041929466588537
153,153,5,4,94.3,85.1,692.3,15.9,20.1,47,4.9,0.0,1.46,1.5043022108618087
154,154,1,5,93.4,145.4,721.4,8.1,29.6,27,2.7,0.0,1.46,-0.5196943627429416
155,155,7,4,94.8,108.3,647.1,17.0,16.4,47,1.3,0.0,1.56,0.11824620797590209
156,156,2,4,93.4,145.4,721.4,8.1,28.6,27,2.2,0.0,1.61,0.6416341574816689
157,157,2,2,92.1,111.2,654.1,9.6,18.4,45,3.6,0.0,1.63,0.25938291524778895
158,158,2,4,92.1,111.2,654.1,9.6,20.5,35,4.0,0.0,1.64,1.2189945246800253
159,159,7,4,92.4,117.9,668.0,12.2,19.0,34,5.8,0.0,1.69,-0.41166493133969184
160,160,7,4,90.1,39.7,86.6,6.2,16.1,29,3.1,0.0,1.75,-0.239006537188003
161,161,6,4,95.2,131.7,578.8,10.4,20.3,41,4.0,0.0,1.9,-0.9137273530134964
162,162,6,3,90.6,50.1,100.4,7.8,15.2,31,8.5,0.0,1.94,-0.8738815183839783
163,163,8,6,92.5,121.1,674.4,8.6,17.8,56,1.8,0.0,1.95,0.8423194119047462
164,164,8,5,89.7,90.0,704.4,4.8,17.8,67,2.2,0.0,2.01,0.12732829285845232
165,165,6,5,84.9,18.2,55.0,3.0,5.3,70,4.5,0.0,2.14,0.6464335556543536
166,166,6,5,92.1,111.2,654.1,9.6,16.6,47,0.9,0.0,2.29,0.3203483236866706
167,167,6,5,96.0,127.1,570.5,16.5,23.4,33,4.5,0.0,2.51,0.7611451950696763
168,168,6,5,91.2,48.3,97.8,12.5,14.6,26,9.4,0.0,2.53,-0.9516125184488322
169,169,8,6,95.2,131.7,578.8,10.4,20.7,45,2.2,0.0,2.55,-1.7500768185060238
170,170,5,4,92.9,133.3,699.6,9.2,21.9,35,1.8,0.0,2.57,-0.2536153149852138
171,171,8,6,85.6,90.4,609.6,6.6,17.4,50,4.0,0.0,2.69,-0.5904883782966333
172,172,7,4,91.4,142.4,601.4,10.6,20.1,39,5.4,0.0,2.74,0.38542514639389747
173,173,4,4,90.9,126.5,686.5,7.0,17.7,39,2.2,0.0,3.07,0.44772407038048995
174,174,1,4,90.2,96.9,624.2,8.9,14.2,53,1.8,0.0,3.5,0.8735635179640447
175,175,1,4,90.2,96.9,624.2,8.9,20.3,39,4.9,0.0,4.53,0.36913561131399625
176,176,6,5,81.5,9.1,55.2,2.7,5.8,54,5.8,0.0,4.61,0.10942129181543739
177,177,2,5,90.2,99.6,631.2,6.3,19.2,44,2.7,0.0,4.69,-0.5392595562576673
178,178,2,5,90.1,82.9,735.7,6.2,18.3,45,2.2,0.0,4.88,0.019344972778378954
179,179,8,6,88.8,147.3,614.5,9.0,14.4,66,5.4,0.0,5.23,1.316421852180432
180,180,1,3,92.4,124.1,680.7,8.5,23.9,32,6.7,0.0,5.33,-1.5365597700921403
181,181,8,6,84.9,32.8,664.2,3.0,19.1,32,4.0,0.0,5.44,0.9066633160613822
182,182,5,4,86.8,15.6,48.3,3.9,12.4,53,2.2,0.0,6.38,0.2158964264986012
183,183,7,4,91.7,48.5,696.1,11.1,16.8,45,4.5,0.0,6.83,-0.3454393265687141
184,184,8,6,93.9,135.7,586.7,15.1,20.8,34,4.9,0.0,6.96,-1.2698107611591765
185,185,2,5,91.0,129.5,692.6,7.0,17.6,46,3.1,0.0,7.04,-1.0254344351680902
186,186,8,6,89.3,51.3,102.2,9.6,11.5,39,5.8,0.0,7.19,0.9912207250936571
187,187,1,5,90.9,126.5,686.5,7.0,21.0,42,2.2,0.0,7.3,-0.00440986604600627
188,188,6,4,90.8,41.9,89.4,7.9,13.3,42,0.9,0.0,7.4,2.3298218237435107
189,189,7,4,90.7,44.0,92.4,5.5,11.5,60,4.0,0.0,8.24,-1.5727838999714812
190,190,6,5,91.2,48.3,97.8,12.5,11.7,33,4.0,0.0,8.31,-0.6108307588864345
191,191,2,5,95.2,131.7,578.8,10.4,24.2,28,2.7,0.0,8.68,-1.1265716640854617
192,192,2,2,94.8,108.3,647.1,17.0,24.6,22,4.5,0.0,8.71,0.3686626129160675
193,193,4,5,92.9,133.3,699.6,9.2,24.3,25,4.0,0.0,9.41,-0.41905304117724795
194,194,2,2,94.8,108.3,647.1,17.0,24.6,22,4.5,0.0,10.01,-1.983799763677013
195,195,2,5,93.9,135.7,586.7,15.1,23.5,36,5.4,0.0,10.02,1.085031249535211
196,196,6,5,81.5,9.1,55.2,2.7,5.8,54,5.8,0.0,10.93,-1.7211390398701234
197,197,4,5,92.9,137.0,706.4,9.2,21.5,15,0.9,0.0,11.06,0.3281164747562424
198,198,3,4,91.0,129.5,692.6,7.0,13.9,59,6.3,0.0,11.24,0.11105352335405588
199,199,2,4,63.5,70.8,665.3,0.8,22.6,38,3.6,0.0,11.32,-0.5861167432309519
200,200,1,5,91.0,129.5,692.6,7.0,21.6,33,2.2,0.0,11.53,0.7755735176937266
201,201,6,5,90.1,37.6,83.7,7.2,12.4,54,3.6,0.0,12.1,1.2789664685111994
202,202,7,4,83.9,8.7,32.1,2.1,8.8,68,2.2,0.0,13.05,-1.4367058857195998
203,203,8,6,91.4,37.9,673.8,5.2,20.2,37,2.7,0.0,13.7,0.11143205207928822
204,204,5,6,90.6,50.1,100.4,7.8,15.1,64,4.0,0.0,13.99,1.2822000587226556
205,205,4,5,92.9,137.0,706.4,9.2,22.1,34,1.8,0.0,14.57,-0.2568061404352883
206,206,2,2,93.5,139.4,594.2,20.3,22.9,31,7.2,0.0,15.45,0.6672603439584109
207,207,7,5,91.0,129.5,692.6,7.0,20.7,37,2.2,0.0,17.2,-0.3783876734060711
208,208,6,5,92.4,117.9,668.0,12.2,19.6,33,6.3,0.0,19.23,0.7419741985757334
209,209,8,3,93.7,80.9,685.2,17.9,23.2,26,4.9,0.0,23.41,0.8517373526061504
210,210,4,4,90.6,43.7,686.9,6.7,18.4,25,3.1,0.0,24.23,-0.8462169219031607
211,211,7,4,93.5,139.4,594.2,20.3,5.1,96,5.8,0.0,26.0,1.1117812570931849
212,212,7,4,94.3,85.1,692.3,15.9,20.1,47,4.9,0.0,26.13,-2.180244642332407
213,213,7,3,87.6,52.2,103.8,5.0,11.0,46,5.8,0.0,27.35,0.45272874896354254
214,214,4,4,91.7,35.8,80.8,7.8,17.0,27,4.9,0.0,28.66,-1.5667324476938267
215,215,4,4,91.7,35.8,80.8,7.8,17.0,27,4.9,0.0,28.66,1.0277703746724658
216,216,4,4,92.4,124.1,680.7,8.5,16.9,60,1.3,0.0,29.48,-1.8292373727248856
217,217,1,3,88.6,91.8,709.9,7.1,12.4,73,6.3,0.0,30.32,-0.8990720072502116
218,218,4,5,92.9,133.3,699.6,9.2,19.4,19,1.3,0.0,31.72,-0.4336138868255421
219,219,6,5,90.1,39.7,86.6,6.2,15.2,27,3.1,0.0,31.86,0.7393970204932419
220,220,8,6,90.2,99.6,631.2,6.3,16.2,59,3.1,0.0,32.07,-0.19234097272719766
221,221,3,4,93.3,141.2,713.9,13.9,18.6,49,3.6,0.0,35.88,0.2574067611762141
222,222,4,3,87.6,52.2,103.8,5.0,11.0,46,5.8,0.0,36.85,1.6165152532829283
223,223,2,2,88.3,150.3,309.9,6.8,13.4,79,3.6,0.0,37.02,0.0950835480512169
224,224,7,4,90.1,82.9,735.7,6.2,15.4,57,4.5,0.0,37.71,1.0901194509809795
225,225,4,4,93.5,149.3,728.6,8.1,22.9,39,4.9,0.0,48.55,-0.9586502369065873
226,226,7,5,91.7,48.5,696.1,11.1,16.1,44,4.0,0.0,49.37,-1.1055895113947076
227,227,8,6,92.2,81.8,480.8,11.9,20.1,34,4.5,0.0,58.3,1.0790645912174295
228,228,4,6,93.5,149.3,728.6,8.1,28.3,26,3.1,0.0,64.1,0.7937675977246158
229,229,8,6,92.2,81.8,480.8,11.9,16.4,43,4.0,0.0,71.3,-1.5343100734771313
230,230,4,4,92.9,133.3,699.6,9.2,26.4,21,4.5,0.0,88.49,0.5622911860527425
231,231,1,5,93.5,149.3,728.6,8.1,27.8,27,3.1,0.0,95.18,2.279252726783747
232,232,6,4,91.0,129.5,692.6,7.0,18.7,43,2.7,0.0,103.39,0.5331036698625858
233,233,9,4,84.4,73.4,671.9,3.2,24.3,36,3.1,0.0,105.66,-1.4166028707627913
234,234,4,5,92.5,121.1,674.4,8.6,17.7,25,3.1,0.0,154.88,-0.5663071843980851
235,235,8,6,91.4,142.4,601.4,10.6,19.6,41,5.8,0.0,196.48,1.4083506942058648
236,236,2,2,92.5,121.1,674.4,8.6,18.2,46,1.8,0.0,200.94,0.48177126039991636
237,237,1,2,91.0,129.5,692.6,7.0,18.8,40,2.2,0.0,212.88,-1.4484513414046483
238,238,6,5,92.5,121.1,674.4,8.6,25.1,27,4.0,0.0,1090.84,0.7616650255081913
239,239,7,5,81.9,3.0,7.9,3.5,13.4,75,1.8,0.0,0.0,0.9539428716203505
240,240,6,3,88.0,17.2,43.5,3.8,15.2,51,2.7,0.0,0.0,0.6861303979350928
241,241,4,4,83.0,23.3,85.3,2.3,16.7,20,3.1,0.0,0.0,1.3569211479916403
242,242,2,4,94.2,122.3,589.9,12.9,15.4,66,4.0,0.0,10.13,0.8359347613271793
243,243,7,4,91.8,175.1,700.7,13.8,21.9,73,7.6,1.0,0.0,-0.23466039859839233
244,244,2,4,91.8,175.1,700.7,13.8,22.4,54,7.6,0.0,2.87,0.16495498354786953
245,245,3,4,91.8,175.1,700.7,13.8,26.8,38,6.3,0.0,0.76,-0.25149620621630114
246,246,5,4,91.8,175.1,700.7,13.8,25.7,39,5.4,0.0,0.09,0.15750334285029066
247,247,2,4,92.2,91.6,503.6,9.6,20.7,70,2.2,0.0,0.75,0.6586529772489768
248,248,8,6,93.1,157.3,666.7,13.5,28.7,28,2.7,0.0,0.0,-0.9453942777032514
249,249,3,4,93.1,157.3,666.7,13.5,21.7,40,0.4,0.0,2.47,0.7778578330166708
250,250,8,5,93.1,157.3,666.7,13.5,26.8,25,3.1,0.0,0.68,-0.9700530157952051
251,251,8,5,93.1,157.3,666.7,13.5,24.0,36,3.1,0.0,0.24,-0.7940947638313816
252,252,6,5,93.1,157.3,666.7,13.5,22.1,37,3.6,0.0,0.21,-0.6637103591156103
253,253,7,4,91.9,109.2,565.5,8.0,21.4,38,2.7,0.0,1.52,-0.14292797700594542
254,254,6,3,91.6,138.1,621.7,6.3,18.9,41,3.1,0.0,10.34,-1.9895492198018176
255,255,2,5,87.5,77.0,694.8,5.0,22.3,46,4.0,0.0,0.0,0.4723316599715589
256,256,8,6,94.2,117.2,581.1,11.0,23.9,41,2.2,0.0,8.02,-1.6895542915323076
257,257,4,3,94.2,117.2,581.1,11.0,21.4,44,2.7,0.0,0.68,-0.7202425532277904
258,258,3,4,91.8,170.9,692.3,13.7,20.6,59,0.9,0.0,0.0,-0.9688431910845148
259,259,7,4,91.8,170.9,692.3,13.7,23.7,40,1.8,0.0,1.38,-1.2473022355285242
260,260,2,4,93.6,97.9,542.0,14.4,28.3,32,4.0,0.0,8.85,-1.2759346289946003
261,261,3,4,91.6,112.4,573.0,8.9,11.2,84,7.6,0.0,3.3,-0.8244229461663749
262,262,2,4,91.6,112.4,573.0,8.9,21.4,42,3.1,0.0,4.25,-0.7534594634715207
263,263,6,3,91.1,141.1,629.1,7.1,19.3,39,3.6,0.0,1.56,-1.3384034142108778
264,264,4,4,94.3,167.6,684.4,13.0,21.8,53,3.1,0.0,6.54,-0.2827247117959844
265,265,4,4,93.7,102.2,550.3,14.6,22.1,54,7.6,0.0,0.79,0.8205451676997858
266,266,6,5,94.3,131.7,607.1,22.7,19.4,55,4.0,0.0,0.17,-1.305677906833074
267,267,2,2,92.1,152.6,658.2,14.3,23.7,24,3.1,0.0,0.0,-0.6570208380429345
268,268,3,4,92.1,152.6,658.2,14.3,21.0,32,3.1,0.0,0.0,0.0725885573869675
269,269,4,4,92.1,152.6,658.2,14.3,19.1,53,2.7,0.0,4.4,0.1472700302154328
270,270,2,2,92.1,152.6,658.2,14.3,21.8,56,3.1,0.0,0.52,0.450563907784153
271,271,8,6,92.1,152.6,658.2,14.3,20.1,58,4.5,0.0,9.27,0.6960230154509541
272,272,2,5,92.1,152.6,658.2,14.3,20.2,47,4.0,0.0,3.09,-0.1618181474207432
273,273,4,6,84.4,27.2,353.5,6.8,4.8,57,8.5,0.0,8.98,-1.808796307222218
274,274,8,6,84.0,27.8,354.6,5.3,5.1,61,8.0,0.0,11.19,-0.1049970718312214
275,275,4,6,84.6,26.4,352.0,2.0,5.1,61,4.9,0.0,5.38,-0.6834353507537962
276,276,4,4,85.4,25.4,349.7,2.6,4.6,21,8.5,0.0,17.85,-0.6657546643408381
277,277,3,4,85.4,25.4,349.7,2.6,4.6,21,8.5,0.0,10.73,-0.11162768814114545
278,278,4,4,85.4,25.4,349.7,2.6,4.6,21,8.5,0.0,22.03,-1.4903030148149636
279,279,4,4,85.4,25.4,349.7,2.6,4.6,21,8.5,0.0,9.77,-0.07269837105731154
280,280,4,6,84.7,26.7,352.6,4.1,2.2,59,4.9,0.0,9.27,1.6600801928300135
281,281,6,5,85.4,25.4,349.7,2.6,5.1,24,8.5,0.0,24.77,-0.7397737793746743
282,282,6,3,84.9,27.5,353.5,3.4,4.2,51,4.0,0.0,0.0,0.7140555377388663
283,283,3,4,86.9,6.6,18.7,3.2,8.8,35,3.1,0.0,1.1,0.1758570242286325
284,284,5,4,85.2,4.9,15.8,6.3,7.5,46,8.0,0.0,24.24,-2.2202167880595405
285,285,2,5,93.9,169.7,411.8,12.3,23.4,40,6.3,0.0,0.0,0.33818593828605503
286,286,7,6,91.2,183.1,437.7,12.5,12.6,90,7.6,0.2,0.0,0.5182858517628677
287,287,7,4,91.6,104.2,474.9,9.0,22.1,49,2.7,0.0,0.0,-0.4270418058406
288,288,7,4,91.6,104.2,474.9,9.0,24.2,32,1.8,0.0,0.0,-0.523373765565591
289,289,7,4,91.6,104.2,474.9,9.0,24.3,30,1.8,0.0,0.0,0.09474444702741057
290,290,2,5,91.6,104.2,474.9,9.0,18.7,53,1.8,0.0,0.0,-1.582204363835971
291,291,9,4,91.6,104.2,474.9,9.0,25.3,39,0.9,0.0,8.0,-0.25839355873981906
292,292,4,5,91.6,100.2,466.3,6.3,22.9,40,1.3,0.0,2.64,1.879101303787754
293,293,7,6,93.1,180.4,430.8,11.0,26.9,28,5.4,0.0,86.45,-1.0241935713079073
294,294,8,6,92.3,88.8,440.9,8.5,17.1,67,3.6,0.0,6.57,-0.3753883469617141
295,295,7,5,93.1,180.4,430.8,11.0,22.2,48,1.3,0.0,0.0,1.3864883040385023
296,296,6,4,90.4,89.5,290.8,6.4,14.3,46,1.8,0.0,0.9,0.34623081239254205
297,297,8,6,90.4,89.5,290.8,6.4,15.4,45,2.2,0.0,0.0,-0.671292702544001
298,298,8,6,91.2,147.8,377.2,12.7,19.6,43,4.9,0.0,0.0,-0.6150093299972716
299,299,6,5,53.4,71.0,233.8,0.4,10.6,90,2.7,0.0,0.0,0.057401944022391814
300,300,6,5,90.4,93.3,298.1,7.5,20.7,25,4.9,0.0,0.0,0.30501939722030724
301,301,6,5,90.4,93.3,298.1,7.5,19.1,39,5.4,0.0,3.52,0.6143171177715192
302,302,3,6,91.1,94.1,232.1,7.1,19.2,38,4.5,0.0,0.0,1.5184048182829635
303,303,3,6,91.1,94.1,232.1,7.1,19.2,38,4.5,0.0,0.0,-0.5249351067916719
304,304,6,5,85.1,28.0,113.8,3.5,11.3,94,4.9,0.0,0.0,-1.0415160862922985
305,305,1,4,89.6,84.1,714.3,5.7,19.0,52,2.2,0.0,0.0,-0.3416990741454399
306,306,7,4,89.6,84.1,714.3,5.7,17.1,53,5.4,0.0,0.41,1.1239617211764763
307,307,3,4,89.6,84.1,714.3,5.7,23.8,35,3.6,0.0,5.18,-0.9915437463206888
308,308,2,4,92.4,105.8,758.1,9.9,16.0,45,1.8,0.0,0.0,-0.6761491641140401
309,309,2,4,92.4,105.8,758.1,9.9,24.9,27,2.2,0.0,0.0,1.1391660925604856
310,310,7,4,92.4,105.8,758.1,9.9,25.3,27,2.7,0.0,0.0,-1.4270694595328297
311,311,6,3,92.4,105.8,758.1,9.9,24.8,28,1.8,0.0,14.29,-1.8752217847638226
312,312,2,4,50.4,46.2,706.6,0.4,12.2,78,6.3,0.0,0.0,-0.21721501373129007
313,313,6,5,92.6,115.4,777.1,8.8,24.3,27,4.9,0.0,0.0,0.22181320797106163
314,314,4,4,92.6,115.4,777.1,8.8,19.7,41,1.8,0.0,1.58,2.032388803467909
315,315,3,4,91.2,134.7,817.5,7.2,18.5,30,2.7,0.0,0.0,-0.4745178922505437
316,316,4,5,92.4,96.2,739.4,8.6,18.6,24,5.8,0.0,0.0,0.3059418463660915
317,317,4,4,92.4,96.2,739.4,8.6,19.2,24,4.9,0.0,3.78,1.1541648582709607
318,318,6,5,92.8,119.0,783.5,7.5,21.6,27,2.2,0.0,0.0,-0.8933872623789555
319,319,5,4,92.8,119.0,783.5,7.5,21.6,28,6.3,0.0,4.41,-0.5175673148700382
320,320,6,3,92.8,119.0,783.5,7.5,18.9,34,7.2,0.0,34.36,0.5944855261711435
321,321,1,4,92.8,119.0,783.5,7.5,16.8,28,4.0,0.0,7.21,-1.6153223345244923
322,322,6,5,92.8,119.0,783.5,7.5,16.8,28,4.0,0.0,1.01,0.9175645483863182
323,323,3,5,90.7,136.9,822.8,6.8,12.9,39,2.7,0.0,2.18,0.5701212349621076
324,324,6,5,88.1,53.3,726.9,5.4,13.7,56,1.8,0.0,4.42,0.7655394139676164
325,325,1,4,92.2,102.3,751.5,8.4,24.2,27,3.1,0.0,0.0,0.8421177622924776
326,326,5,4,92.2,102.3,751.5,8.4,24.1,27,3.1,0.0,0.0,1.120273690859981
327,327,6,5,92.2,102.3,751.5,8.4,21.2,32,2.2,0.0,0.0,-1.5396632218151092
328,328,6,5,92.2,102.3,751.5,8.4,19.7,35,1.8,0.0,0.0,-0.4008731015223808
329,329,4,3,92.2,102.3,751.5,8.4,23.5,27,4.0,0.0,3.33,2.9654579692266623
330,330,3,3,92.2,102.3,751.5,8.4,24.2,27,3.1,0.0,6.58,1.1851213043318303
331,331,7,4,91.2,124.4,795.3,8.5,21.5,28,4.5,0.0,15.64,1.3744758796351713
332,332,4,4,91.2,124.4,795.3,8.5,17.1,41,2.2,0.0,11.22,-1.4695827598619173
333,333,1,4,92.1,87.7,721.1,9.5,18.1,54,3.1,0.0,2.13,1.3379659070609873
334,334,2,3,91.6,108.4,764.0,6.2,18.0,51,5.4,0.0,0.0,-0.14377305742074964
335,335,4,3,91.6,108.4,764.0,6.2,9.8,86,1.8,0.0,0.0,-0.08489988167163132
336,336,7,4,91.6,108.4,764.0,6.2,19.3,44,2.2,0.0,0.0,0.2045466518209601
337,337,6,3,91.6,108.4,764.0,6.2,23.0,34,2.2,0.0,56.04,-2.7754185309746755
338,338,8,6,91.6,108.4,764.0,6.2,22.7,35,2.2,0.0,7.48,-0.8674028459596926
339,339,2,4,91.6,108.4,764.0,6.2,20.4,41,1.8,0.0,1.47,2.143988609413475
340,340,2,5,91.6,108.4,764.0,6.2,19.3,44,2.2,0.0,3.93,0.44207697896355624
341,341,8,6,91.9,111.7,770.3,6.5,15.7,51,2.2,0.0,0.0,0.2637245065548137
342,342,6,3,91.5,130.1,807.1,7.5,20.6,37,1.8,0.0,0.0,0.2901045873364563
343,343,8,6,91.5,130.1,807.1,7.5,15.9,51,4.5,0.0,2.18,-0.14556241418418484
344,344,6,3,91.5,130.1,807.1,7.5,12.2,66,4.9,0.0,6.1,-0.5426141896612476
345,345,2,2,91.5,130.1,807.1,7.5,16.8,43,3.1,0.0,5.83,-1.2272256451095056
346,346,1,4,91.5,130.1,807.1,7.5,21.3,35,2.2,0.0,28.19,0.8785694941215673
347,347,5,4,92.1,99.0,745.3,9.6,10.1,75,3.6,0.0,0.0,-1.892164779841271
348,348,3,4,92.1,99.0,745.3,9.6,17.4,57,4.5,0.0,0.0,1.1482726608284788
349,349,5,4,92.1,99.0,745.3,9.6,12.8,64,3.6,0.0,1.64,-0.5459351955445305
350,350,5,4,92.1,99.0,745.3,9.6,10.1,75,3.6,0.0,3.71,-0.43342600783113333
351,351,4,4,92.1,99.0,745.3,9.6,15.4,53,6.3,0.0,7.31,0.5381424038076996
352,352,7,4,92.1,99.0,745.3,9.6,20.6,43,3.6,0.0,2.03,0.37546529762905406
353,353,7,4,92.1,99.0,745.3,9.6,19.8,47,2.7,0.0,1.72,-0.9268991741421898
354,354,7,4,92.1,99.0,745.3,9.6,18.7,50,2.2,0.0,5.97,1.0306621828487126
355,355,4,4,92.1,99.0,745.3,9.6,20.8,35,4.9,0.0,13.06,-0.4060186769853639
356,356,4,4,92.1,99.0,745.3,9.6,20.8,35,4.9,0.0,1.26,0.9182288007790382
357,357,6,3,92.5,122.0,789.7,10.2,15.9,55,3.6,0.0,0.0,-0.12139834587627565
358,358,6,3,92.5,122.0,789.7,10.2,19.7,39,2.7,0.0,0.0,-1.351697869657187
359,359,1,4,92.5,122.0,789.7,10.2,21.1,39,2.2,0.0,8.12,1.662374859780626
360,360,6,5,92.5,122.0,789.7,10.2,18.4,42,2.2,0.0,1.09,1.3450324688520114
361,361,4,3,92.5,122.0,789.7,10.2,17.3,45,4.0,0.0,3.94,0.2594270200176959
362,362,7,4,88.2,55.2,732.3,11.6,15.2,64,3.1,0.0,0.52,-0.8584992891705615
363,363,4,3,91.9,111.7,770.3,6.5,15.9,53,2.2,0.0,2.93,-1.1389794473759691
364,364,6,5,91.9,111.7,770.3,6.5,21.1,35,2.7,0.0,5.65,0.049621435861652095
365,365,6,5,91.9,111.7,770.3,6.5,19.6,45,3.1,0.0,20.03,-0.36056163138893227
366,366,4,5,91.1,132.3,812.1,12.5,15.9,38,5.4,0.0,1.75,-0.22907582679966834
367,367,4,5,91.1,132.3,812.1,12.5,16.4,27,3.6,0.0,0.0,1.3359335191633634
368,368,6,5,91.2,94.3,744.4,8.4,16.8,47,4.9,0.0,12.64,0.9389743981375634
369,369,4,5,91.0,276.3,825.1,7.1,13.8,77,7.6,0.0,0.0,-0.03764379278276987
370,370,7,4,91.0,276.3,825.1,7.1,13.8,77,7.6,0.0,11.06,0.013069091249913574
371,371,3,4,91.9,133.6,520.5,8.0,14.2,58,4.0,0.0,0.0,1.1935367027116988
372,372,4,5,92.0,203.2,664.5,8.1,10.4,75,0.9,0.0,0.0,0.1261216148124958
373,373,5,4,94.8,222.4,698.6,13.9,20.3,42,2.7,0.0,0.0,-1.5434141690903473
374,374,6,5,90.3,290.0,855.3,7.4,10.3,78,4.0,0.0,18.3,-0.7127795312251868
375,375,6,5,91.2,94.3,744.4,8.4,15.4,57,4.9,0.0,39.35,0.15684273253099748
376,376,8,6,92.1,207.0,672.6,8.2,21.1,54,2.2,0.0,0.0,1.21938594443031
377,377,2,2,93.7,231.1,715.1,8.4,21.9,42,2.2,0.0,174.63,-0.23590672898405873
378,378,6,5,90.9,18.9,30.6,8.0,8.7,51,5.8,0.0,0.0,-0.8664412404544479
379,379,4,5,18.7,1.1,171.4,0.0,5.2,100,0.9,0.0,0.0,1.171244538955761
380,380,5,4,93.7,101.3,458.8,11.9,19.3,39,7.2,0.0,7.73,-0.4414846650137219
381,381,8,6,90.7,194.1,643.0,6.8,16.2,63,2.7,0.0,16.33,1.1785607694084588
382,382,8,6,95.2,217.7,690.0,18.0,28.2,29,1.8,0.0,5.86,1.0138022364290482
383,383,9,6,91.6,248.4,753.8,6.3,20.5,58,2.7,0.0,42.87,0.610665903318889
384,384,8,4,91.6,273.8,819.1,7.7,21.3,44,4.5,0.0,12.18,-1.2293150331006422
385,385,2,4,91.6,181.3,613.0,7.6,20.9,50,2.2,0.0,16.0,0.6995493953500624
386,386,3,4,90.5,96.7,750.5,11.4,20.6,55,5.4,0.0,24.59,-2.013459837291156
387,387,5,5,90.9,18.9,30.6,8.0,11.6,48,5.4,0.0,0.0,1.2523555130451494
388,388,6,4,94.8,227.0,706.7,12.0,23.3,34,3.1,0.0,28.74,1.1118759637057674
389,389,7,4,94.8,227.0,706.7,12.0,23.3,34,3.1,0.0,0.0,0.29966796773673754
390,390,7,4,84.7,9.5,58.3,4.1,7.5,71,6.3,0.0,9.96,1.3075860887664355
391,391,8,6,91.1,91.3,738.1,7.2,20.7,46,2.7,0.0,30.18,-0.18415333193479275
392,392,1,3,91.0,276.3,825.1,7.1,21.9,43,4.0,0.0,70.76,2.409353523568427
393,393,2,4,93.4,15.0,25.6,11.4,15.2,19,7.6,0.0,0.0,-0.07484823863825364
394,394,6,5,84.1,4.6,46.7,2.2,5.3,68,1.8,0.0,0.0,-0.5295379319005397
395,395,4,5,85.0,9.0,56.9,3.5,10.1,62,1.8,0.0,51.78,-2.258858582593427
396,396,4,3,90.5,96.7,750.5,11.4,20.4,55,4.9,0.0,3.64,-0.760246582079578
397,397,5,6,91.6,181.3,613.0,7.6,24.3,33,3.6,0.0,3.63,0.5038042760827489
398,398,1,2,93.7,231.1,715.1,8.4,25.9,32,3.1,0.0,0.0,-1.0007885680631776
399,399,9,5,93.3,49.5,297.7,14.0,28.0,34,4.5,0.0,0.0,0.4660011468110245
400,400,9,5,93.3,49.5,297.7,14.0,28.0,34,4.5,0.0,8.16,0.2369491029551145
401,401,3,4,91.1,88.2,731.7,8.3,22.8,46,4.0,0.0,4.95,0.1555583735637664
402,402,9,9,94.8,227.0,706.7,12.0,25.0,36,4.0,0.0,0.0,-0.41793788178829655
403,403,8,6,90.7,194.1,643.0,6.8,21.3,41,3.6,0.0,0.0,-0.9304216854938379
404,404,2,4,87.9,84.8,725.1,3.7,21.8,34,2.2,0.0,6.04,2.0976621333414056
405,405,2,2,94.6,212.1,680.9,9.5,27.9,27,2.2,0.0,0.0,0.4920653872681567
406,406,6,5,87.1,291.3,860.6,4.0,17.0,67,4.9,0.0,3.95,-1.2061739144554553
407,407,4,5,84.7,8.2,55.0,2.9,14.2,46,4.0,0.0,0.0,-2.4756367822118217
408,408,4,3,90.3,290.0,855.3,7.4,19.9,44,3.1,0.0,7.8,0.9198164503638224
409,409,1,4,92.3,96.2,450.2,12.1,23.4,31,5.4,0.0,0.0,0.2527320612045493
410,410,6,3,84.1,7.3,52.8,2.7,14.7,42,2.7,0.0,0.0,-0.9922145025349159
411,411,7,4,84.6,3.2,43.6,3.3,8.2,53,9.4,0.0,4.62,0.9706846027404776
412,412,9,4,92.3,92.1,442.1,9.8,22.8,27,4.5,0.0,1.63,0.19446453735577993
413,413,7,5,93.7,231.1,715.1,8.4,26.4,33,3.6,0.0,0.0,-1.401541486681075
414,414,5,4,93.6,235.1,723.1,10.1,24.1,50,4.0,0.0,0.0,-0.8591061287331143
415,415,8,6,94.8,222.4,698.6,13.9,27.5,27,4.9,0.0,746.28,1.2657139443835774
416,416,6,3,92.7,164.1,575.8,8.9,26.3,39,3.1,0.0,7.02,1.1333317534433456
417,417,6,5,93.4,17.3,28.3,9.9,13.8,24,5.8,0.0,0.0,1.1128472469050648
418,418,2,4,92.0,203.2,664.5,8.1,24.9,42,5.4,0.0,2.44,-0.7781744131063648
419,419,2,5,91.6,181.3,613.0,7.6,24.8,36,4.0,0.0,3.05,0.5773987252452832
420,420,8,8,91.7,191.4,635.9,7.8,26.2,36,4.5,0.0,185.76,-1.0837234227042294
421,421,2,4,95.2,217.7,690.0,18.0,30.8,19,4.5,0.0,0.0,0.64495737668076
422,422,8,6,88.9,263.1,795.9,5.2,29.3,27,3.6,0.0,6.3,-0.251105737810968
423,423,1,3,91.2,94.3,744.4,8.4,22.3,48,4.0,0.0,0.72,-0.6189934757813794
424,424,8,6,93.7,231.1,715.1,8.4,26.9,31,3.6,0.0,4.96,-0.02446549191469435
425,425,2,2,91.6,248.4,753.8,6.3,20.4,56,2.2,0.0,0.0,-0.7881464455792322
426,426,8,6,91.6,248.4,753.8,6.3,20.4,56,2.2,0.0,0.0,1.16525705641129
427,427,2,4,92.1,207.0,672.6,8.2,27.9,33,2.2,0.0,2.35,2.1914437190130687
428,428,1,3,94.8,222.4,698.6,13.9,26.2,34,5.8,0.0,0.0,-0.7298164297903598
429,429,3,4,91.6,181.3,613.0,7.6,24.6,44,4.0,0.0,3.2,-0.6298001955202684
430,430,7,4,89.7,287.2,849.3,6.8,19.4,45,3.6,0.0,0.0,-0.4321942694683773
431,431,1,3,92.1,178.0,605.3,9.6,23.3,40,4.0,0.0,6.36,-0.3221083711603814
432,432,8,6,94.8,222.4,698.6,13.9,23.9,38,6.7,0.0,0.0,2.702147181222325
433,433,2,4,93.6,235.1,723.1,10.1,20.9,66,4.9,0.0,15.34,-0.4890882286304654
434,434,1,4,90.6,269.8,811.2,5.5,22.2,45,3.6,0.0,0.0,1.2625574034854627
435,435,2,5,90.8,84.7,376.6,5.6,23.8,51,1.8,0.0,0.0,0.9410677828965197
436,436,8,6,92.1,207.0,672.6,8.2,26.8,35,1.3,0.0,0.54,-0.30484469119371493
437,437,8,6,89.4,253.6,768.4,9.7,14.2,73,2.7,0.0,0.0,-1.1929917136669246
438,438,2,5,93.7,231.1,715.1,8.4,23.6,53,4.0,0.0,6.43,-1.492953122460357
439,439,1,3,91.1,91.3,738.1,7.2,19.1,46,2.2,0.0,0.33,0.5641655970567921
440,440,5,4,90.3,290.0,855.3,7.4,16.2,58,3.6,0.0,0.0,-0.18766968054389285
441,441,8,6,92.1,207.0,672.6,8.2,25.5,29,1.8,0.0,1.23,0.9980317793095405
442,442,6,5,87.9,24.9,41.6,3.7,10.9,64,3.1,0.0,3.35,1.4159614356190937
443,443,1,2,90.7,80.9,368.3,16.8,14.8,78,8.0,0.0,0.0,1.0957727251559477
444,444,2,5,90.3,290.0,855.3,7.4,16.2,58,3.6,0.0,9.96,0.15367929228114044
445,445,5,5,94.0,47.9,100.7,10.7,17.3,80,4.5,0.0,0.0,0.5343343067129337
446,446,6,5,92.0,203.2,664.5,8.1,19.1,70,2.2,0.0,0.0,-0.27696068080380676
447,447,3,4,93.4,17.3,28.3,9.9,8.9,35,8.0,0.0,0.0,-0.0601475265499704
448,448,7,4,89.7,284.9,844.0,10.1,10.5,77,4.0,0.0,0.0,-1.1040239176163076
449,449,7,4,91.6,181.3,613.0,7.6,19.3,61,4.9,0.0,0.0,-1.006476832810461
450,450,4,5,95.2,217.7,690.0,18.0,23.4,49,5.4,0.0,6.43,0.170378280791825
451,451,1,4,90.5,196.8,649.9,16.3,11.8,88,4.9,0.0,9.71,0.8648028090284529
452,452,7,4,91.5,238.2,730.6,7.5,17.7,65,4.0,0.0,0.0,-0.15369227445808142
453,453,4,5,89.4,266.2,803.3,5.6,17.4,54,3.1,0.0,0.0,1.3932964450793555
454,454,3,4,91.6,248.4,753.8,6.3,16.8,56,3.1,0.0,0.0,2.167516472837296
455,455,3,4,94.6,160.0,567.2,16.7,17.9,48,2.7,0.0,0.0,-0.35219412654182347
456,456,2,4,91.6,248.4,753.8,6.3,16.6,59,2.7,0.0,0.0,-0.9811786241502048
457,457,1,4,91.7,191.4,635.9,7.8,19.9,50,4.0,0.0,82.75,1.333571645656403
458,458,8,6,93.7,231.1,715.1,8.4,18.9,64,4.9,0.0,3.32,-0.6585172995371767
459,459,7,4,91.6,273.8,819.1,7.7,15.5,72,8.0,0.0,1.94,1.9392089770521033
460,460,2,5,93.7,231.1,715.1,8.4,18.9,64,4.9,0.0,0.0,-0.6069220621839216
461,461,8,6,93.7,231.1,715.1,8.4,18.9,64,4.9,0.0,0.0,-0.8824634135356927
462,462,1,4,91.0,276.3,825.1,7.1,14.5,76,7.6,0.0,3.71,1.321452933821777
463,463,6,5,75.1,4.4,16.2,1.9,4.6,82,6.3,0.0,5.39,-0.23330248101224746
464,464,6,4,75.1,4.4,16.2,1.9,5.1,77,5.4,0.0,2.14,1.8320924543576624
465,465,2,2,79.5,3.6,15.3,1.8,4.6,59,0.9,0.0,6.84,-0.18070142273428133
466,466,6,5,87.2,15.1,36.9,7.1,10.2,45,5.8,0.0,3.18,-0.40460315710891953
467,467,3,4,90.2,18.5,41.1,7.3,11.2,41,5.4,0.0,5.55,-1.986322014849649
468,468,6,5,91.3,20.6,43.5,8.5,13.3,27,3.6,0.0,6.61,1.5703422797450168
469,469,6,3,91.0,14.6,25.6,12.3,13.7,33,9.4,0.0,61.13,0.35590882200352225
470,470,5,4,91.0,14.6,25.6,12.3,17.6,27,5.8,0.0,0.0,-0.042687119471969695
471,471,4,3,89.6,25.4,73.7,5.7,18.0,40,4.0,0.0,38.48,0.02990763702209876
472,472,8,3,88.2,96.2,229.0,4.7,14.3,79,4.0,0.0,1.94,0.30399560440059276
473,473,9,4,90.5,61.1,252.6,9.4,24.5,50,3.1,0.0,70.32,1.075111056269416
474,474,4,3,93.0,103.8,316.7,10.8,26.4,35,2.7,0.0,10.08,-0.9446752010506684
475,475,2,5,93.7,121.7,350.2,18.0,22.7,40,9.4,0.0,3.19,0.6748485054807981
476,476,4,3,93.5,85.3,395.0,9.9,27.2,28,1.3,0.0,1.76,-0.53709767647556
477,477,4,3,93.7,101.3,423.4,14.7,26.1,45,4.0,0.0,7.36,0.37279775670655146
478,478,7,4,93.7,101.3,423.4,14.7,18.2,82,4.5,0.0,2.21,2.021397584719225
479,479,7,4,89.2,103.9,431.6,6.4,22.6,57,4.9,0.0,278.53,0.3577524971945598
480,480,9,9,93.2,114.4,560.0,9.5,30.2,25,4.5,0.0,2.75,0.24795867362565352
481,481,4,3,93.2,114.4,560.0,9.5,30.2,22,4.9,0.0,0.0,-0.025665795335799116
482,482,3,4,94.9,130.3,587.1,14.1,23.4,40,5.8,0.0,1.29,-1.6458737241323664
483,483,8,6,94.9,130.3,587.1,14.1,31.0,27,5.4,0.0,0.0,0.2787285327604653
484,484,2,5,94.9,130.3,587.1,14.1,33.1,25,4.0,0.0,26.43,-0.4179020248190585
485,485,2,4,95.0,135.5,596.3,21.3,30.6,28,3.6,0.0,2.07,-1.3673155091724227
486,486,5,4,95.1,141.3,605.8,17.7,24.1,43,6.3,0.0,2.0,1.407284108827061
487,487,5,4,95.1,141.3,605.8,17.7,26.4,34,3.6,0.0,16.4,0.6890659077304252
488,488,4,4,95.1,141.3,605.8,17.7,19.4,71,7.6,0.0,46.7,-0.11072833530305445
489,489,4,4,95.1,141.3,605.8,17.7,20.6,58,1.3,0.0,0.0,-0.7143261324442381
490,490,4,4,95.1,141.3,605.8,17.7,28.7,33,4.0,0.0,0.0,-0.22389713932740496
491,491,4,4,95.8,152.0,624.1,13.8,32.4,21,4.5,0.0,0.0,1.33898947318595
492,492,1,3,95.9,158.0,633.6,11.3,32.4,27,2.2,0.0,0.0,0.8631094265523551
493,493,1,3,95.9,158.0,633.6,11.3,27.5,29,4.5,0.0,43.32,0.3690063398809872
494,494,6,6,96.0,164.0,643.0,14.0,30.8,30,4.9,0.0,8.59,0.6658362823388719
495,495,6,6,96.2,175.5,661.8,16.8,23.9,42,2.2,0.0,0.0,-0.2952505043733192
496,496,4,5,96.2,175.5,661.8,16.8,32.6,26,3.1,0.0,2.77,0.7750358438373646
497,497,3,4,96.1,181.1,671.2,14.3,32.3,27,2.2,0.0,14.68,1.3424121529765587
498,498,6,5,96.1,181.1,671.2,14.3,33.3,26,2.7,0.0,40.54,0.7999016571608304
499,499,7,5,96.1,181.1,671.2,14.3,27.3,63,4.9,6.4,10.82,-0.787983991997985
500,500,8,6,96.1,181.1,671.2,14.3,21.6,65,4.9,0.8,0.0,-0.23271834778226172
501,501,7,5,96.1,181.1,671.2,14.3,21.6,65,4.9,0.8,0.0,1.4935299516159024
502,502,4,4,96.1,181.1,671.2,14.3,20.7,69,4.9,0.4,0.0,-0.08484368338120275
503,503,2,4,94.5,139.4,689.1,20.0,29.2,30,4.9,0.0,1.95,-0.6211008864998161
504,504,4,3,94.5,139.4,689.1,20.0,28.9,29,4.9,0.0,49.59,0.8287107029135975
505,505,1,2,91.0,163.2,744.4,10.1,26.7,35,1.8,0.0,5.8,-0.9479247535465898
506,506,1,2,91.0,166.9,752.6,7.1,18.5,73,8.5,0.0,0.0,-0.1909309208810674
507,507,2,4,91.0,166.9,752.6,7.1,25.9,41,3.6,0.0,0.0,0.7303229424950191
508,508,1,2,91.0,166.9,752.6,7.1,25.9,41,3.6,0.0,0.0,-2.226406329564247
509,509,5,4,91.0,166.9,752.6,7.1,21.1,71,7.6,1.4,2.17,0.6471104679072438
510,510,6,5,91.0,166.9,752.6,7.1,18.2,62,5.4,0.0,0.43,-0.9410097113452816
511,511,8,6,81.6,56.7,665.6,1.9,27.8,35,2.7,0.0,0.0,2.275358084709451
512,512,4,3,81.6,56.7,665.6,1.9,27.8,32,2.7,0.0,6.44,0.5636942717303639
513,513,2,4,81.6,56.7,665.6,1.9,21.9,71,5.8,0.0,54.29,-0.6518152320602092
514,514,7,4,81.6,56.7,665.6,1.9,21.2,70,6.7,0.0,11.16,0.9263140613470989
515,515,1,4,94.4,146.0,614.7,11.3,25.6,42,4.0,0.0,0.0,-0.5864823103313405
516,516,6,3,79.5,3.0,106.7,1.1,11.8,31,4.5,0.0,0.0,-0.0733784281805293
517,37,7,4,90.0,41.5,682.6,8.7,11.3,60,5.4,0.0,0.0,-0.021990169836795883
518,235,8,6,91.4,142.4,601.4,10.6,19.6,41,5.8,0.0,196.48,1.4083506942058648
519,72,5,4,91.7,33.3,77.5,9.0,15.6,25,6.3,0.0,0.0,0.4038291229776448
520,144,2,5,95.5,99.9,513.3,13.2,23.8,32,5.4,0.0,0.77,-0.11117505595384468
521,129,2,5,92.6,46.5,691.8,8.8,15.4,35,0.9,0.0,0.0,0.2754025411079083
522,508,1,2,91.0,166.9,752.6,7.1,25.9,41,3.6,0.0,0.0,-2.226406329564247
523,390,7,4,84.7,9.5,58.3,4.1,7.5,71,6.3,0.0,9.96,1.3075860887664355
524,281,6,5,85.4,25.4,349.7,2.6,5.1,24,8.5,0.0,24.77,-0.7397737793746743
525,178,2,5,90.1,82.9,735.7,6.2,18.3,45,2.2,0.0,4.88,0.019344972778378954
526,276,4,4,85.4,25.4,349.7,2.6,4.6,21,8.5,0.0,17.85,-0.6657546643408381
527,254,6,3,91.6,138.1,621.7,6.3,18.9,41,3.1,0.0,10.34,-1.9895492198018176
528,357,6,3,92.5,122.0,789.7,10.2,15.9,55,3.6,0.0,0.0,-0.12139834587627565
529,468,6,5,91.3,20.6,43.5,8.5,13.3,27,3.6,0.0,6.61,1.5703422797450168
530,252,6,5,93.1,157.3,666.7,13.5,22.1,37,3.6,0.0,0.21,-0.6637103591156103
531,490,4,4,95.1,141.3,605.8,17.7,28.7,33,4.0,0.0,0.0,-0.22389713932740496
532,398,1,2,93.7,231.1,715.1,8.4,25.9,32,3.1,0.0,0.0,-1.0007885680631776
533,215,4,4,91.7,35.8,80.8,7.8,17.0,27,4.9,0.0,28.66,1.0277703746724658
534,503,2,4,94.5,139.4,689.1,20.0,29.2,30,4.9,0.0,1.95,-0.6211008864998161
535,478,7,4,93.7,101.3,423.4,14.7,18.2,82,4.5,0.0,2.21,2.021397584719225
536,86,1,2,92.9,137.0,706.4,9.2,25.4,27,2.2,0.0,0.0,-1.6027180628271613
537,141,1,2,95.5,99.9,513.3,13.2,23.3,31,4.5,0.0,0.55,-0.1449731302318844
538,393,2,4,93.4,15.0,25.6,11.4,15.2,19,7.6,0.0,0.0,-0.07484823863825364
539,7,8,6,91.5,145.4,608.2,10.7,8.0,86,2.2,0.0,0.0,-0.038756791190536356
540,319,5,4,92.8,119.0,783.5,7.5,21.6,28,6.3,0.0,4.41,-0.5175673148700382
541,313,6,5,92.6,115.4,777.1,8.8,24.3,27,4.9,0.0,0.0,0.22181320797106163
542,513,2,4,81.6,56.7,665.6,1.9,21.9,71,5.8,0.0,54.29,-0.6518152320602092
543,316,4,5,92.4,96.2,739.4,8.6,18.6,24,5.8,0.0,0.0,0.3059418463660915
544,209,8,3,93.7,80.9,685.2,17.9,23.2,26,4.9,0.0,23.41,0.8517373526061504
545,264,4,4,94.3,167.6,684.4,13.0,21.8,53,3.1,0.0,6.54,-0.2827247117959844
546,431,1,3,92.1,178.0,605.3,9.6,23.3,40,4.0,0.0,6.36,-0.3221083711603814
547,456,2,4,91.6,248.4,753.8,6.3,16.6,59,2.7,0.0,0.0,-0.9811786241502048
548,71,4,5,94.3,85.1,692.3,15.9,17.7,37,3.6,0.0,0.0,-1.0742439019080328
549,387,5,5,90.9,18.9,30.6,8.0,11.6,48,5.4,0.0,0.0,1.2523555130451494
550,454,3,4,91.6,248.4,753.8,6.3,16.8,56,3.1,0.0,0.0,2.167516472837296
551,313,6,5,92.6,115.4,777.1,8.8,24.3,27,4.9,0.0,0.0,0.22181320797106163
552,515,1,4,94.4,146.0,614.7,11.3,25.6,42,4.0,0.0,0.0,-0.5864823103313405
553,497,3,4,96.1,181.1,671.2,14.3,32.3,27,2.2,0.0,14.68,1.3424121529765587
554,43,4,4,92.5,88.0,698.6,7.1,19.6,48,2.7,0.0,0.0,0.4782330152757234
555,26,7,4,92.4,117.9,668.0,12.2,19.0,34,5.8,0.0,0.0,0.01096400817345183
556,336,7,4,91.6,108.4,764.0,6.2,19.3,44,2.2,0.0,0.0,0.2045466518209601
557,297,8,6,90.4,89.5,290.8,6.4,15.4,45,2.2,0.0,0.0,-0.671292702544001
558,466,6,5,87.2,15.1,36.9,7.1,10.2,45,5.8,0.0,3.18,-0.40460315710891953
559,15,6,5,93.3,141.2,713.9,13.9,22.9,44,5.4,0.0,0.0,1.4751594494972928
560,64,2,2,91.1,103.2,638.8,5.8,23.1,31,3.1,0.0,0.0,0.49979376989110336
561,196,6,5,81.5,9.1,55.2,2.7,5.8,54,5.8,0.0,10.93,-1.7211390398701234
562,25,7,4,91.4,142.4,601.4,10.6,16.3,60,5.4,0.0,0.0,0.3459885761600871
563,367,4,5,91.1,132.3,812.1,12.5,16.4,27,3.6,0.0,0.0,1.3359335191633634
564,471,4,3,89.6,25.4,73.7,5.7,18.0,40,4.0,0.0,38.48,0.02990763702209876
565,282,6,3,84.9,27.5,353.5,3.4,4.2,51,4.0,0.0,0.0,0.7140555377388663
566,22,7,4,94.3,96.3,200.0,56.1,21.0,44,4.5,0.0,0.0,3.732293720768246
567,126,3,5,87.6,52.2,103.8,5.0,9.0,49,2.2,0.0,0.0,0.551959908999864
568,279,4,4,85.4,25.4,349.7,2.6,4.6,21,8.5,0.0,9.77,-0.07269837105731154
